id,artist_name,member_name,member_bday
1,GOT7,제이비,01-06
2,GOT7,마크,09-04
3,GOT7,잭슨,03-28
4,GOT7,박진영,09-22
5,GOT7,영재,09-17
6,GOT7,뱀뱀,05-02
7,GOT7,유겸,11-17
8,강다니엘,강다니엘,12-10
9,권은비,권은비,09-27
10,김우석,김우석,10-27
11,김재환,김재환,05-27
12,NEXZ,토모야,01-19
13,NEXZ,유우,04-27
14,NEXZ,하루,01-23
15,NEXZ,소건,09-13
16,NEXZ,건,09-13
17,NEXZ,세이타,11-28
18,NEXZ,휴이,05-11
19,NEXZ,유키,09-20
20,뉴이스트,JR,06-08
21,뉴이스트,아론,05-21
22,뉴이스트,백호,07-09
23,뉴이스트,민현,08-09
24,뉴이스트,렌,11-03
25,NewJeans,민지,05-07
26,NewJeans,하니,10-06
27,NewJeans,다니엘,04-11
28,NewJeans,해린,05-15
29,NewJeans,혜인,04-21
30,더보이즈,상연,11-04
31,더보이즈,제이콥,05-30
32,더보이즈,영훈,08-08
33,더보이즈,현재,09-13
34,더보이즈,주연,01-15
35,더보이즈,케빈,01-12
36,더보이즈,뉴,04-26
37,더보이즈,큐,11-05
38,더보이즈,주학년,03-09
39,더보이즈,선우,04-12
40,더보이즈,에릭,02-16
41,DAY6,성진,01-16
42,DAY6,영케이,12-19
43,DAY6,원필,04-28
44,DAY6,도운,08-25
45,드림캐쳐,지유,05-17
46,드림캐쳐,수아,08-10
47,드림캐쳐,시연,05-16
48,드림캐쳐,유현,01-07
49,드림캐쳐,다미,03-07
50,드림캐쳐,한동,03-26
51,드림캐쳐,가현,02-01
52,RIIZE,쇼타로,11-25
53,RIIZE,은석,03-19
54,RIIZE,성찬,09-13
55,RIIZE,원빈,01-02
56,RIIZE,소희,11-21
57,RIIZE,앤톤,03-21
58,Red Velvet,웬디,02-21
59,Red Velvet,아이린,03-29
60,Red Velvet,슬기,02-08
61,Red Velvet,조이,09-03
62,Red Velvet,예리,03-05
63,LUN8,진수,02-05
64,LUN8,카엘,01-01
65,LUN8,타쿠마,08-05
66,LUN8,준우,09-21
67,LUN8,도현,01-08
68,LUN8,이안,04-03
69,LUN8,지은호,05-21
70,LUN8,유우마,02-28
71,LE SSERAFIM,김채원,05-02
72,LE SSERAFIM,사쿠라,03-19
73,LE SSERAFIM,허윤진,10-08
74,LE SSERAFIM,카즈하,08-09
75,LE SSERAFIM,홍은채,11-10
76,마마무,솔라,02-21
77,마마무,문별,12-22
78,마마무,휘인,04-17
79,마마무,화사,07-23
80,몬스타엑스,셔누,06-18
81,몬스타엑스,민혁,11-03
82,몬스타엑스,기현,11-22
83,몬스타엑스,형원,01-15
84,몬스타엑스,주헌,10-06
85,몬스타엑스,아이엠,01-26
86,방탄소년단,RM,09-12
87,방탄소년단,진,12-04
88,방탄소년단,슈가,03-09
89,방탄소년단,제이홉,02-18
90,방탄소년단,지민,10-13
91,방탄소년단,뷔,12-30
92,방탄소년단,정국,09-01
93,VERIVERY,동헌,08-04
94,VERIVERY,호영,08-10
95,VERIVERY,민찬,09-16
96,VERIVERY,계현,05-14
97,VERIVERY,연호,05-31
98,VERIVERY,용승,06-17
99,VERIVERY,강민,01-25
100,BABYMONSTER,루카,03-20
101,BABYMONSTER,파리타,08-26
102,BABYMONSTER,아사,04-17
103,BABYMONSTER,아현,04-11
104,BABYMONSTER,라미,10-17
105,BABYMONSTER,로라,08-14
106,BABYMONSTER,치키타,02-17
107,BOYNEXTDOOR,성호,09-04
108,BOYNEXTDOOR,리우,10-22
109,BOYNEXTDOOR,명재현,12-04
110,BOYNEXTDOOR,태산,08-10
111,BOYNEXTDOOR,이한,10-20
112,BOYNEXTDOOR,운학,11-29
113,BLACKPINK,지수,01-03
114,BLACKPINK,제니,01-16
115,BLACKPINK,로제,02-11
116,BLACKPINK,리사,03-27
117,B1A4,신우,06-16
118,B1A4,산들,03-20
119,B1A4,공찬,08-14
120,비투비,서은광,11-22
121,비투비,이민혁,11-29
122,비투비,이창섭,02-26
123,비투비,임현식,03-07
124,비투비,프니엘,03-10
125,비투비,육성재,05-02
126,Billlie,시윤,02-16
127,Billlie,션,01-28
128,Billlie,츠키,09-21
129,Billlie,문수아,09-09
130,Billlie,하람,01-13
131,Billlie,수현,01-15
132,Billlie,하루나,01-30
133,SHINee,온유,12-14
134,SHINee,종현,04-08
135,SHINee,키,09-23
136,SHINee,민호,12-09
137,SHINee,태민,07-18
138,세븐틴,에스쿱스,08-08
139,세븐틴,정한,10-04
140,세븐틴,조슈아,12-30
141,세븐틴,준,06-02
142,세븐틴,호시,06-15
143,세븐틴,원우,07-17
144,세븐틴,우지,11-22
145,세븐틴,디에잇,11-07
146,세븐틴,민규,01-09
147,세븐틴,도겸,02-18
148,세븐틴,승관,01-16
149,세븐틴,버논,02-18
150,세븐틴,디노,02-11
151,SAY MY NAME,히토미,03-05
152,SAY MY NAME,메이,08-19
153,SAY MY NAME,카니,12-26
154,SAY MY NAME,도희,08-01
155,SAY MY NAME,준희,06-15
156,SAY MY NAME,소하,11-22
157,SAY MY NAME,승주,04-09
158,소녀시대,태연,03-09
159,소녀시대,써니,05-15
160,소녀시대,티파니,08-01
161,소녀시대,효연,09-22
162,소녀시대,유리,12-05
163,소녀시대,수영,02-08
164,소녀시대,윤아,05-30
165,소녀시대,서현,06-28
166,SUPER JUNIOR,이특,07-01
167,SUPER JUNIOR,희철,07-10
168,SUPER JUNIOR,예성,08-24
169,SUPER JUNIOR,신동,09-28
170,SUPER JUNIOR,은혁,04-04
171,SUPER JUNIOR,동해,10-15
172,SUPER JUNIOR,시원,02-08
173,SUPER JUNIOR,려욱,06-21
174,SUPER JUNIOR,규현,02-01
175,SUPER JUNIOR,성민,01-01
176,STAYC,수민,03-13
177,STAYC,시은,08-01
178,STAYC,아이사,01-23
179,STAYC,세은,06-14
180,STAYC,윤,04-14
181,STAYC,재이,12-09
182,Stray Kids,방찬,10-03
183,Stray Kids,리노,10-25
184,Stray Kids,창빈,08-11
185,Stray Kids,현진,03-20
186,Stray Kids,한,09-14
187,Stray Kids,필릭스,09-15
188,Stray Kids,승민,09-22
189,Stray Kids,아이엔,02-08
190,xikers,민재,04-10
191,xikers,준민,05-24
192,xikers,수민,04-07
193,xikers,진식,08-29
194,xikers,현우,01-09
195,xikers,정훈,02-14
196,xikers,세은,06-07
197,xikers,유준,12-22
198,xikers,헌터,11-21
199,xikers,예찬,05-14
200,CIX,BX,03-05
201,CIX,승훈,02-26
202,CIX,용희,02-17
203,CIX,현석,09-08
204,ASTRO,차은우,03-30
205,ASTRO,문빈,01-26
206,ASTRO,MJ,03-05
207,ASTRO,진진,03-15
208,ASTRO,윤산하,03-21
209,i-dle,미연,01-31
210,i-dle,민니,10-23
211,i-dle,소연,08-26
212,i-dle,우기,09-23
213,i-dle,슈화,01-06
214,IVE,안유진,09-01
215,IVE,가을,09-24
216,IVE,레이,02-01
217,IVE,장원영,08-31
218,IVE,리즈,11-21
219,IVE,이서,02-21
220,아이유,아이유,05-16
221,iKON,김진환,02-07
222,iKON,바비,12-21
223,iKON,송윤형,02-08
224,iKON,구준회,03-31
225,iKON,DK,06-05
226,iKON,정찬우,01-26
227,아일릿,윤아,01-15
228,아일릿,민주,05-11
229,아일릿,모카,10-08
230,아일릿,원희,06-26
231,아일릿,이로하,02-04
232,&TEAM,의주,09-07
233,&TEAM,후마,06-29
234,&TEAM,케이,10-21
235,&TEAM,니콜라스,07-09
236,&TEAM,유마,02-07
237,&TEAM,조,05-13
238,&TEAM,하루아,05-01
239,&TEAM,타키,05-04
240,&TEAM,마키,02-17
241,앰퍼샌드원,나캠든,06-09
242,앰퍼샌드원,브라이언,08-27
243,앰퍼샌드원,최지호,06-10
244,앰퍼샌드원,윤시윤,01-08
245,앰퍼샌드원,카이렐,07-03
246,앰퍼샌드원,마카야,01-21
247,앰퍼샌드원,김승모,07-03
248,SF9,영빈,11-23
249,SF9,인성,07-12
250,SF9,재윤,08-09
251,SF9,다원,07-24
252,SF9,주호,07-04
253,SF9,유태양,02-28
254,SF9,휘영,05-11
255,SF9,찬희,01-17
256,aespa,카리나,04-11
257,aespa,윈터,01-01
258,aespa,지젤,10-30
259,aespa,닝닝,10-23
260,AB6IX,전웅,10-15
261,AB6IX,김동현,02-23
262,AB6IX,박우진,11-02
263,AB6IX,이대휘,01-29
264,ATBO,오준석,03-03
265,ATBO,류준민,04-05
266,ATBO,배현준,06-06
267,ATBO,정승환,01-27
268,ATBO,김연규,05-03
269,ATBO,원빈,07-01
270,ATEEZ,홍중,11-07
271,ATEEZ,성화,04-03
272,ATEEZ,윤호,03-23
273,ATEEZ,여상,06-15
274,ATEEZ,산,07-10
275,ATEEZ,민기,08-09
276,ATEEZ,우영,11-26
277,ATEEZ,종호,10-12
278,82MAJOR,남성모,04-19
279,82MAJOR,박석준,12-15
280,82MAJOR,윤예찬,04-16
281,82MAJOR,조성일,03-29
282,82MAJOR,황성빈,06-22
283,82MAJOR,김도균,09-14
284,Apink,박초롱,03-03
285,Apink,윤보미,08-13
286,Apink,정은지,08-18
287,Apink,김남주,04-15
288,Apink,오하영,07-19
289,8TURN,재윤,07-02
290,8TURN,명호,10-12
291,8TURN,민호,10-14
292,8TURN,윤성,11-13
293,8TURN,혜민,03-16
294,8TURN,경민,10-28
295,8TURN,윤규,09-07
296,8TURN,승헌,05-15
297,EXO,수호,05-22
298,EXO,찬열,11-27
299,EXO,카이,01-14
300,EXO,디오,01-12
301,EXO,백현,05-06
302,EXO,세훈,04-12
303,EXO,시우민,03-26
304,EXO,첸,09-21
305,EXO,레이,10-07
306,Xdinary Heroses,건일,07-24
307,Xdinary Heroses,정수,06-26
308,Xdinary Heroses,가온,01-14
309,Xdinary Heroses,O.de,06-11
310,Xdinary Heroses,Jun Han,08-18
311,Xdinary Heroses,주연,09-12
312,NMIXX,릴리,10-17
313,NMIXX,해원,02-25
314,NMIXX,설윤,01-26
315,NMIXX,배이,12-28
316,NMIXX,지우,04-13
317,NMIXX,규진,05-26
318,"NCT,NCT 127",쟈니,02-08
319,"NCT,NCT 127",태용,07-01
320,"NCT,NCT 127",유타,10-26
321,"NCT,NCT 127",도영,02-01
322,NCT,텐,02-27
323,"NCT,NCT 127",재현,02-14
324,"NCT,NCT 127",윈윈,10-28
325,"NCT,NCT 127,NCT DREAM",마크,08-02
326,"NCT,NCT DREAM",런쥔,03-23
327,"NCT,NCT DREAM",제노,04-23
328,"NCT,NCT 127,NCT DREAM",해찬,06-06
329,"NCT,NCT DREAM",재민,08-13
330,"NCT,NCT DREAM",천러,11-22
331,"NCT,NCT DREAM",지성,02-05
332,"NCT,NCT 127",정우,02-19
333,NCT,쿤,01-01
334,NCT,샤오쥔,08-08
335,NCT,양양,10-10
336,NCT,헨드리,09-28
337,"NCT,NCT WISH",시온,05-11
338,"NCT,NCT WISH",유우시,04-05
339,"NCT,NCT WISH",리쿠,06-28
340,"NCT,NCT WISH",사쿠야,11-18
341,"NCT,NCT WISH",료,08-04
342,"NCT,NCT WISH",재희,06-21
343,엔플라잉,이승협,10-31
344,엔플라잉,차훈,07-12
345,엔플라잉,김재현,07-15
346,엔플라잉,유회승,02-28
347,엔플라잉,서동성,04-09
348,엔하이픈,정원,02-08
349,엔하이픈,희승,10-15
350,엔하이픈,제이,04-20
351,엔하이픈,제이크,11-15
352,엔하이픈,성훈,12-08
353,엔하이픈,선우,06-24
354,엔하이픈,니키,12-09
355,여자친구,소원,12-07
356,여자친구,예린,08-19
357,"VIVIZ,여자친구",은하,05-30
358,여자친구,유주,03-05
359,"VIVIZ,여자친구",신비,06-03
360,"VIVIZ,여자친구",엄지,08-19
361,오마이걸,효정,07-28
362,오마이걸,미미,05-01
363,오마이걸,유아,09-17
364,오마이걸,승희,01-25
365,오마이걸,유빈,09-09
366,오마이걸,아린,06-18
367,OnlyOneOf,나인,05-19
368,OnlyOneOf,Mill,12-15
369,OnlyOneOf,리에,08-31
370,OnlyOneOf,준지,04-06
371,OnlyOneOf,유정,09-09
372,OnlyOneOf,규빈,04-23
373,온앤오프,효진,04-22
374,온앤오프,이션,12-24
375,온앤오프,승준,01-13
376,온앤오프,와이엇,01-23
377,온앤오프,민균,11-16
378,온앤오프,유,03-16
379,WOOAH,나나,06-18
380,WOOAH,우연,04-09
381,WOOAH,소라,12-30
382,WOOAH,루시,08-31
383,WOOAH,민서,02-14
384,우주소녀,엑시,08-05
385,우주소녀,설아,01-26
386,우주소녀,보나,08-05
387,우주소녀,수빈,09-14
388,우주소녀,은서,05-27
389,우주소녀,여름,01-01
390,우주소녀,다영,05-14
391,우주소녀,연정,11-12
392,우주소녀,루다,04-06
393,우주소녀,다원,11-21
394,원어스,서호,06-07
395,원어스,이도,07-26
396,원어스,건희,06-27
397,원어스,환웅,08-26
398,원어스,시온,01-10
399,ONE PACT,종우,06-12
400,ONE PACT,성민,08-25
401,ONE PACT,태그,09-30
402,ONE PACT,예담,01-19
403,ONE PACT,제이창,03-08
404,WINNER,강승윤,01-21
405,WINNER,김진우,09-26
406,WINNER,송민호,03-30
407,WINNER,이승훈,01-11
408,위아이,장대현,02-11
409,위아이,김동한,07-03
410,위아이,유용하,01-11
411,위아이,김요한,09-22
412,위아이,강석화,12-01
413,위아이,김준서,11-20
414,YOUNITE,은호,03-25
415,YOUNITE,스티브,03-09
416,YOUNITE,은상,01-19
417,YOUNITE,형석,11-06
418,YOUNITE,우노,04-05
419,YOUNITE,DEY,06-11
420,YOUNITE,경문,06-29
421,YOUNITE,시온,10-19
422,UNIS,진현주,11-03
423,UNIS,나나,10-02
424,UNIS,젤리당카,07-22
425,UNIS,코토코,10-28
426,UNIS,방윤하,05-27
427,UNIS,엘리시아,04-18
428,UNIS,오윤아,10-07
429,UNIS,임서원,01-27
430,EVNNE,케이타,07-04
431,EVNNE,박한빈,03-01
432,EVNNE,이정현,09-11
433,EVNNE,유승언,01-02
434,EVNNE,지윤서,10-15
435,EVNNE,문정현,03-31
436,EVNNE,박지후,07-14
437,izna,마이,10-28
438,izna,방지민,05-08
439,izna,윤지윤,11-06
440,izna,코코,11-14
441,izna,유사랑,04-18
442,izna,최정은,08-04
443,izna,정세비,01-22
444,이채연,이채연,01-11
445,EPEX,위시,06-11
446,EPEX,금동현,05-14
447,EPEX,뮤,09-14
448,EPEX,아민,05-22
449,EPEX,백승,10-05
450,EPEX,에이든,01-24
451,EPEX,예왕,03-12
452,EPEX,제프,04-21
453,인피니트,김성규,04-28
454,인피니트,남우현,02-08
455,인피니트,이성열,08-27
456,인피니트,엘,03-13
457,인피니트,이성종,09-03
458,ITZY,예지,05-26
459,ITZY,리아,07-21
460,ITZY,류진,04-17
461,ITZY,채령,06-05
462,ITZY,유나,04-06
463,ZEROBASEONE,성한빈,06-13
464,ZEROBASEONE,김지웅,12-14
465,ZEROBASEONE,장하오,07-25
466,ZEROBASEONE,석매튜,05-28
467,ZEROBASEONE,김태래,07-14
468,ZEROBASEONE,리키,05-20
469,ZEROBASEONE,김규빈,08-30
470,ZEROBASEONE,박건욱,01-10
471,ZEROBASEONE,한유진,03-20
472,조유리,조유리,10-22
473,G-DRAGON,지드래곤,08-18
474,Kep1er,최유진,08-12
475,Kep1er,샤오팅,11-12
476,Kep1er,김채현,04-26
477,Kep1er,김다연,03-02
478,Kep1er,히카루,03-12
479,Kep1er,휴닝바히에,07-27
480,Kep1er,서영은,12-27
481,CRAVITY,세림,03-03
482,CRAVITY,앨런,04-26
483,CRAVITY,정모,02-05
484,CRAVITY,우빈,10-16
485,CRAVITY,원진,03-22
486,CRAVITY,민희,09-17
487,CRAVITY,형준,11-30
488,CRAVITY,태영,01-27
489,CRAVITY,성민,08-01
490,CLASS:y,지민,11-25
491,CLASS:y,선유,03-20
492,CLASS:y,형서,06-25
493,CLASS:y,혜주,12-09
494,CLASS:y,리원,01-11
495,CLASS:y,보은,02-11
496,CLASS:y,채원,06-04
497,KISS OF LIFE,쥴리,03-29
498,KISS OF LIFE,나띠,05-30
499,KISS OF LIFE,벨,03-20
500,KISS OF LIFE,하늘,05-25
501,KiiiKiii,지유,05-14
502,KiiiKiii,이솔,09-18
503,KiiiKiii,수이,04-10
504,KiiiKiii,하음,11-14
505,KiiiKiii,키야,12-18
506,KickFlip,계훈,09-16
507,KickFlip,아마루,10-21
508,KickFlip,동화,03-11
509,KickFlip,주왕,05-02
510,KickFlip,민제,05-12
511,KickFlip,케이주,10-04
512,KickFlip,동현,03-13
513,TEMPEST,한빈,01-19
514,TEMPEST,형섭,08-09
515,TEMPEST,혁,03-15
516,TEMPEST,은찬,02-27
517,TEMPEST,LEW,04-05
518,TEMPEST,태래,05-09
519,투모로우바이투게더,수빈,12-05
520,투모로우바이투게더,연준,09-13
521,투모로우바이투게더,범규,03-13
522,투모로우바이투게더,태현,02-05
523,투모로우바이투게더,휴닝카이,08-14
524,TWS,신유,11-07
525,TWS,도훈,01-30
526,TWS,영재,05-31
527,TWS,한진,01-05
528,TWS,지훈,03-28
529,TWS,경민,10-02
530,TREASURE,최현석,04-21
531,TREASURE,지훈,03-14
532,TREASURE,요시,05-15
533,TREASURE,준규,09-09
534,TREASURE,윤재혁,07-23
535,TREASURE,아사히,08-20
536,TREASURE,도영,12-04
537,TREASURE,하루토,04-05
538,TREASURE,박정우,09-28
539,TREASURE,소정환,02-18
540,TWICE,나연,09-22
541,TWICE,정연,11-01
542,TWICE,모모,11-09
543,TWICE,사나,12-29
544,TWICE,지효,02-01
545,TWICE,미나,03-24
546,TWICE,다현,05-28
547,TWICE,채영,04-23
548,TWICE,쯔위,06-14
549,FANTASY BOYS,강민서,07-22
550,FANTASY BOYS,이한빈,11-20
551,FANTASY BOYS,히카리,01-21
552,FANTASY BOYS,링치,06-04
553,FANTASY BOYS,히카루,07-14
554,FANTASY BOYS,김우석,03-12
555,FANTASY BOYS,홍성민,09-17
556,FANTASY BOYS,오현태,08-13
557,FANTASY BOYS,김규래,02-28
558,FANTASY BOYS,케이단,03-24
559,펜타곤,진호,04-17
560,펜타곤,후이,08-28
561,펜타곤,홍석,04-17
562,펜타곤,신원,12-11
563,펜타곤,여원,03-27
564,펜타곤,옌안,10-25
565,펜타곤,유토,01-23
566,펜타곤,키노,01-27
567,펜타곤,우석,01-31
568,프로미스나인,송하영,09-29
569,프로미스나인,박지원,03-20
570,프로미스나인,이채영,05-14
571,프로미스나인,이나경,06-01
572,프로미스나인,백지헌,04-17
573,PLAVE,하민,11-01
574,PLAVE,밤비,07-15
575,PLAVE,은호,09-04
576,PLAVE,예준,09-12
577,PLAVE,노아,02-08
578,P1Harmony,기호,09-27
579,P1Harmony,테오,07-01
580,P1Harmony,지웅,10-07
581,P1Harmony,인탁,08-31
582,P1Harmony,소울,02-01
583,P1Harmony,종섭,11-19
584,하성운,하성운,03-22
585,하이라이트,윤두준,07-04
586,하이라이트,양요섭,01-05
587,하이라이트,이기광,03-30
588,하이라이트,손동운,06-06
589,H1-KEY,서이,02-12
590,H1-KEY,리이나,02-21
591,H1-KEY,휘서,07-31
592,H1-KEY,옐,12-25
593,Hearts2Hearts,카르멘,03-28
594,Hearts2Hearts,지우,09-07
595,Hearts2Hearts,유하,04-12
596,Hearts2Hearts,스텔라,06-18
597,Hearts2Hearts,주은,12-03
598,Hearts2Hearts,에이나,12-20
599,Hearts2Hearts,이안,10-09
600,Hearts2Hearts,예온,04-19
601,엔하이픈,수현,06-20
602,엔하이픈,윤서,06-20
603,BABYMONSTER,유진,06-20