artist_name,member_name
앤팀,니콜라스
앤팀,케이
에잇턴,명호
에잇턴,승헌
에잇턴,혜민
82MAJOR,남성모
82MAJOR,윤예찬
82MAJOR,조성일
AB6IX,김동현
AB6IX,박우진
AB6IX,전웅
AESPA,윈터
ATBO,김연규
ATBO,배현준
ATBO,오준석
ATEEZ,여상
ATEEZ,종호
B1A4,신우
BABYMONSTER,로라
BABYMONSTER,아사
BABYMONSTER,파리타
BILLIE,문수아
BILLIE,츠키
BILLIE,하루나
BOYNEXTDOOR,리우
CRAVITY,세림
CRAVITY,우빈
CRAVITY,원진
EPEX,예왕
EVNNE,문정현
EVNNE,박지후
EVNNE,박한빈
EVNNE,유승언
EVNNE,이정현
EVNNE,지윤서
EVNNE,케이타
EXO,레이
FANTASY,BOYS 김규래
FANTASY,BOYS 링치
FANTASY,BOYS 오현태
FANTASY,BOYS 케이단
GOT7,마크
GOT7,유겸
H1-KEY,리이나
H1-KEY,서이
H1-KEY,휘서
하트추하트,스텔라
하트추하트,에이나
하트추하트,예온
하트추하트,이안
하트추하트,주은
하트추하트,지우
하트추하트,카르멘
I-DLE,미연
I-DLE,민니
I-DLE,소연
IKON,DK
IKON,바비
IZNA,방지민
IZNA,유사랑
IZNA,윤지윤
IZNA,정세비
KICKFLIP,계훈
KICKFLIP,케이주
KIIIKIII,이솔
KIIIKIII,키야
KIIIKIII,하음
KISS,OF LIFE 나띠
KISS,OF LIFE 쥴리
KISS,OF LIFE 벨
KISS,OF LIFE 하늘
르세라핌,사쿠라
르세라핌,카즈하
LUN8,이안
LUN8,지은호
LUN8,진수
LUN8,카엘
LUN8,타쿠마
NCT,해찬
NCT,천러
NCT,WISH 료
NCT,WISH 리쿠
NCT,WISH 사쿠야
NCT,WISH 시온
NCT,WISH 유우시
NEWJEANS,민지
NEXZ,건
NEXZ,세이타
NEXZ,소건
NEXZ,유우
NEXZ,유키
NEXZ,토모야
NEXZ,하루
NEXZ,휴이
ONLYONEOF,나인
레드벨벳,슬기
RIIZE,소희
RIIZE,앤톤
RIIZE,원빈
RIIZE,은석
세이마이네임,준희
세이마이네임,히토미
스테이시,수민
스테이시,윤
스테이시,재이
스트레이키즈,한
슈퍼주니어,희철
트레져,소정환
트레져,아사히
트와이스,사나
UNIS,나나
UNIS,방윤하
UNIS,임서원
UNIS,젤리당카
UNIS,진현주
베리베리,계현
베리베리,동헌
비비지,신비
비비지,은하
WINNER,강승윤
WINNER,송민호
엑스디너리,히어로즈 준한
엑스디너리,히어로즈 O.DE
싸이커스,세은
싸이커스,정훈
싸이커스,준민
싸이커스,진식
싸이커스,헌터
YOUNITE,DEY
YOUNITE,경문
YOUNITE,우노
YOUNITE,은상
YOUNITE,은호
YOUNITE,형석
ZEROBASEONE,성한빈
,김재환
더보이즈,뉴
더보이즈,현재
몬스타엑스,형원
방탄소년단,RM
방탄소년단,지민
아일릿,모카
아일릿,원희
아일릿,민주
앰퍼샌드원,김승모
앰퍼샌드원,나캠든
앰퍼샌드원,마카야
앰퍼샌드원,카이렐
엔플라잉,서동성
엔플라잉,유희승
엔플라잉,이승협
엔하이픈,제이
엔하이픈,희승
오마이걸,효정
우주소녀,보나
우주소녀,엑시
원어스,건희
원어스,서호
위아이,강석화
위아이,김동한
위아이,장대현
